{
  "!return|array(200-600)": {
    "id|number": "{{ $index+1 }}",
    "name": "{{ random.repeat(['name', 'test'],1) }}_{{ $index }}",
    "nickname": "{{ random.repeat(['昵称', '名字'],1) }}_{{ $index }}",
    "password": "{{ random.repeat('abcdefgABCDEFG',6,12) }}",
    "checked": false,
    "sex|random(1)": ["", "0", "1"],
    "role|random(1)": ["前端", "后端", "测试", "设计", "项目经理"],
    "region|random(1)": [[1, 1, 5], [19, 199, 1773], [9, 73, 719]],
    "email": "{{ random.repeat('abcdefg',5,20) }}@{{ random.repeat(['qq','163'],1) }}.{{ random.repeat(['com','net'],1) }}",
    "age|number": "{{ random.num(18,30) }}",
    "rate|number": "{{ random.num(0,5) }}",
    "slider|number": "{{ random.num(0,100) }}",
    "color": "rgb({{ random.num(0,255) }}, {{ random.num(0,255) }}, 0)",
    "flag|boolean": "{{ random.num(0,1) }}",
    "phone": "136{{ random.num(10000000,99999999) }}",
    "describe": "{{ random.repeat('用户信息',2,6) }}",
    "describe2": "{{ random.repeat('用户信息',4,10) }}",
    "describe3": "{{ random.repeat('用户信息',6,20) }}",
    "seq|number": "{{ $index }}",
    "date": "{{ random.date('2019-01-01 00:00:00','2019-02-20 23:59:59', 'yyyy-MM-ddTHH:mm:ss.000+0800') }}",
    "date1": null,
    "date5": "09:00",
    "date6": "09:00:00",
    "createTime|number": "{{ random.time('2019-01-01 00:00:00','2019-02-20 23:59:59', 'yyyy-MM-dd HH:mm:ss') }}",
    "updateTime|number": "{{ random.time('2019-01-01 00:00:00','2019-02-20 23:59:59', 'yyyy-MM-dd HH:mm:ss') }}",
    "attr1": null,
    "attr2": null,
    "attr3": null,
    "attr4": null,
    "attr5": null,
    "attr6": null
  }
}