[
  {
    "prop": "name",
    "label": "名称",
    "visible": true
  },
  {
    "prop": "nickname",
    "label": "昵称",
    "visible": true
  },
  {
    "prop": "sex",
    "label": "性别",
    "visible": true
  },
  {
    "prop": "age",
    "label": "年龄",
    "visible": true
  },
  {
    "prop": "phone",
    "label": "手机",
    "visible": true
  },
  {
    "prop": "region",
    "label": "地区",
    "visible": true
  },
  {
    "prop": "date",
    "label": "日期",
    "visible": true
  },
  {
    "prop": "rate",
    "label": "评分",
    "visible": true
  },
  {
    "prop": "attr1",
    "label": "属性1",
    "visible": false
  },
  {
    "prop": "attr2",
    "label": "属性2",
    "visible": false
  },
  {
    "prop": "attr3",
    "label": "属性3",
    "visible": false
  },
  {
    "prop": "attr4",
    "label": "属性4",
    "visible": false
  },
  {
    "prop": "attr5",
    "label": "属性5",
    "visible": false
  }
]