[
  {
    "value": 1,
    "label": "北京",
    "children": [
      {
        "value": 2,
        "label": "北京市",
        "children": [
          {
            "value": 3,
            "label": "东城区"
          },
          {
            "value": 4,
            "label": "西城区"
          },
          {
            "value": 5,
            "label": "崇文区"
          },
          {
            "value": 6,
            "label": "宣武区"
          },
          {
            "value": 7,
            "label": "朝阳区"
          },
          {
            "value": 8,
            "label": "丰台区"
          },
          {
            "value": 9,
            "label": "石景山区"
          },
          {
            "value": 10,
            "label": "海淀区"
          },
          {
            "value": 11,
            "label": "门头沟区"
          },
          {
            "value": 12,
            "label": "房山区"
          },
          {
            "value": 13,
            "label": "通州区"
          },
          {
            "value": 14,
            "label": "顺义区"
          },
          {
            "value": 15,
            "label": "昌平区"
          },
          {
            "value": 16,
            "label": "大兴区"
          },
          {
            "value": 17,
            "label": "怀柔区"
          },
          {
            "value": 18,
            "label": "平谷区"
          },
          {
            "value": 19,
            "label": "密云县"
          },
          {
            "value": 20,
            "label": "延庆县"
          }
        ]
      }
    ]
  },
  {
    "value": 21,
    "label": "上海",
    "children": [
      {
        "value": 22,
        "label": "上海市",
        "children": [
          {
            "value": 23,
            "label": "黄浦区"
          },
          {
            "value": 24,
            "label": "卢湾区"
          },
          {
            "value": 25,
            "label": "徐汇区"
          },
          {
            "value": 26,
            "label": "长宁区"
          },
          {
            "value": 27,
            "label": "静安区"
          },
          {
            "value": 28,
            "label": "普陀区"
          },
          {
            "value": 29,
            "label": "闸北区"
          },
          {
            "value": 30,
            "label": "虹口区"
          },
          {
            "value": 31,
            "label": "杨浦区"
          },
          {
            "value": 32,
            "label": "闵行区"
          },
          {
            "value": 33,
            "label": "宝山区"
          },
          {
            "value": 34,
            "label": "嘉定区"
          },
          {
            "value": 35,
            "label": "浦东新区"
          },
          {
            "value": 36,
            "label": "金山区"
          },
          {
            "value": 37,
            "label": "松江区"
          },
          {
            "value": 38,
            "label": "青浦区"
          },
          {
            "value": 39,
            "label": "南汇区"
          },
          {
            "value": 40,
            "label": "奉贤区"
          },
          {
            "value": 41,
            "label": "崇明县"
          }
        ]
      }
    ]
  },
  {
    "value": 42,
    "label": "广东",
    "children": [
      {
        "value": 43,
        "label": "广州市",
        "children": [
          {
            "value": 44,
            "label": "东山区"
          },
          {
            "value": 45,
            "label": "荔湾区"
          },
          {
            "value": 46,
            "label": "越秀区"
          },
          {
            "value": 47,
            "label": "海珠区"
          },
          {
            "value": 48,
            "label": "天河区"
          },
          {
            "value": 49,
            "label": "芳村区"
          },
          {
            "value": 50,
            "label": "白云区"
          },
          {
            "value": 51,
            "label": "黄埔区"
          },
          {
            "value": 52,
            "label": "番禺区"
          },
          {
            "value": 53,
            "label": "花都区"
          },
          {
            "value": 54,
            "label": "增城市"
          },
          {
            "value": 55,
            "label": "从化市"
          }
        ]
      },
      {
        "value": 56,
        "label": "韶关市",
        "children": [
          {
            "value": 57,
            "label": "武江区"
          },
          {
            "value": 58,
            "label": "浈江区"
          },
          {
            "value": 59,
            "label": "曲江区"
          },
          {
            "value": 60,
            "label": "始兴县"
          },
          {
            "value": 61,
            "label": "仁化县"
          },
          {
            "value": 62,
            "label": "翁源县"
          },
          {
            "value": 63,
            "label": "乳源瑶族自治县"
          },
          {
            "value": 64,
            "label": "新丰县"
          },
          {
            "value": 65,
            "label": "乐昌市"
          },
          {
            "value": 66,
            "label": "南雄市"
          }
        ]
      },
      {
        "value": 67,
        "label": "深圳市",
        "children": [
          {
            "value": 68,
            "label": "罗湖区"
          },
          {
            "value": 69,
            "label": "福田区"
          },
          {
            "value": 70,
            "label": "南山区"
          },
          {
            "value": 71,
            "label": "宝安区"
          },
          {
            "value": 72,
            "label": "龙岗区"
          },
          {
            "value": 73,
            "label": "盐田区"
          }
        ]
      },
      {
        "value": 74,
        "label": "珠海市",
        "children": [
          {
            "value": 75,
            "label": "香洲区"
          },
          {
            "value": 76,
            "label": "斗门区"
          },
          {
            "value": 77,
            "label": "金湾区"
          }
        ]
      },
      {
        "value": 78,
        "label": "汕头市",
        "children": [
          {
            "value": 79,
            "label": "龙湖区"
          },
          {
            "value": 80,
            "label": "金平区"
          },
          {
            "value": 81,
            "label": "濠江区"
          },
          {
            "value": 82,
            "label": "潮阳区"
          },
          {
            "value": 83,
            "label": "潮南区"
          },
          {
            "value": 84,
            "label": "澄海区"
          },
          {
            "value": 85,
            "label": "南澳县"
          }
        ]
      },
      {
        "value": 86,
        "label": "佛山市",
        "children": [
          {
            "value": 87,
            "label": "禅城区"
          },
          {
            "value": 88,
            "label": "南海区"
          },
          {
            "value": 89,
            "label": "顺德区"
          },
          {
            "value": 90,
            "label": "三水区"
          },
          {
            "value": 91,
            "label": "高明区"
          }
        ]
      },
      {
        "value": 92,
        "label": "江门市",
        "children": [
          {
            "value": 93,
            "label": "蓬江区"
          },
          {
            "value": 94,
            "label": "江海区"
          },
          {
            "value": 95,
            "label": "新会区"
          },
          {
            "value": 96,
            "label": "台山市"
          },
          {
            "value": 97,
            "label": "开平市"
          },
          {
            "value": 98,
            "label": "鹤山市"
          },
          {
            "value": 99,
            "label": "恩平市"
          }
        ]
      },
      {
        "value": 100,
        "label": "湛江市",
        "children": [
          {
            "value": 101,
            "label": "赤坎区"
          },
          {
            "value": 102,
            "label": "霞山区"
          },
          {
            "value": 103,
            "label": "坡头区"
          },
          {
            "value": 104,
            "label": "麻章区"
          },
          {
            "value": 105,
            "label": "遂溪县"
          },
          {
            "value": 106,
            "label": "徐闻县"
          },
          {
            "value": 107,
            "label": "廉江市"
          },
          {
            "value": 108,
            "label": "雷州市"
          },
          {
            "value": 109,
            "label": "吴川市"
          }
        ]
      },
      {
        "value": 110,
        "label": "茂名市",
        "children": [
          {
            "value": 111,
            "label": "茂南区"
          },
          {
            "value": 112,
            "label": "茂港区"
          },
          {
            "value": 113,
            "label": "电白县"
          },
          {
            "value": 114,
            "label": "高州市"
          },
          {
            "value": 115,
            "label": "化州市"
          },
          {
            "value": 116,
            "label": "信宜市"
          }
        ]
      },
      {
        "value": 117,
        "label": "肇庆市",
        "children": [
          {
            "value": 118,
            "label": "端州区"
          },
          {
            "value": 119,
            "label": "鼎湖区"
          },
          {
            "value": 120,
            "label": "广宁县"
          },
          {
            "value": 121,
            "label": "怀集县"
          },
          {
            "value": 122,
            "label": "封开县"
          },
          {
            "value": 123,
            "label": "德庆县"
          },
          {
            "value": 124,
            "label": "高要市"
          },
          {
            "value": 125,
            "label": "四会市"
          }
        ]
      },
      {
        "value": 126,
        "label": "惠州市",
        "children": [
          {
            "value": 127,
            "label": "惠城区"
          },
          {
            "value": 128,
            "label": "惠阳区"
          },
          {
            "value": 129,
            "label": "博罗县"
          },
          {
            "value": 130,
            "label": "惠东县"
          },
          {
            "value": 131,
            "label": "龙门县"
          }
        ]
      },
      {
        "value": 132,
        "label": "梅州市",
        "children": [
          {
            "value": 133,
            "label": "梅江区"
          },
          {
            "value": 134,
            "label": "梅县"
          },
          {
            "value": 135,
            "label": "大埔县"
          },
          {
            "value": 136,
            "label": "丰顺县"
          },
          {
            "value": 137,
            "label": "五华县"
          },
          {
            "value": 138,
            "label": "平远县"
          },
          {
            "value": 139,
            "label": "蕉岭县"
          },
          {
            "value": 140,
            "label": "兴宁市"
          }
        ]
      },
      {
        "value": 141,
        "label": "汕尾市",
        "children": [
          {
            "value": 142,
            "label": "城区"
          },
          {
            "value": 143,
            "label": "海丰县"
          },
          {
            "value": 144,
            "label": "陆河县"
          },
          {
            "value": 145,
            "label": "陆丰市"
          }
        ]
      },
      {
        "value": 146,
        "label": "河源市",
        "children": [
          {
            "value": 147,
            "label": "源城区"
          },
          {
            "value": 148,
            "label": "紫金县"
          },
          {
            "value": 149,
            "label": "龙川县"
          },
          {
            "value": 150,
            "label": "连平县"
          },
          {
            "value": 151,
            "label": "和平县"
          },
          {
            "value": 152,
            "label": "东源县"
          }
        ]
      },
      {
        "value": 153,
        "label": "阳江市",
        "children": [
          {
            "value": 154,
            "label": "江城区"
          },
          {
            "value": 155,
            "label": "阳西县"
          },
          {
            "value": 156,
            "label": "阳东县"
          },
          {
            "value": 157,
            "label": "阳春市"
          }
        ]
      },
      {
        "value": 158,
        "label": "清远市",
        "children": [
          {
            "value": 159,
            "label": "清城区"
          },
          {
            "value": 160,
            "label": "佛冈县"
          },
          {
            "value": 161,
            "label": "阳山县"
          },
          {
            "value": 162,
            "label": "连山壮族瑶族自治县"
          },
          {
            "value": 163,
            "label": "连南瑶族自治县"
          },
          {
            "value": 164,
            "label": "清新县"
          },
          {
            "value": 165,
            "label": "英德市"
          },
          {
            "value": 166,
            "label": "连州市"
          }
        ]
      },
      {
        "value": 167,
        "label": "东莞市",
        "children": []
      },
      {
        "value": 168,
        "label": "中山市",
        "children": []
      },
      {
        "value": 169,
        "label": "潮州市",
        "children": [
          {
            "value": 170,
            "label": "湘桥区"
          },
          {
            "value": 171,
            "label": "潮安县"
          },
          {
            "value": 172,
            "label": "饶平县"
          }
        ]
      },
      {
        "value": 173,
        "label": "揭阳市",
        "children": [
          {
            "value": 174,
            "label": "榕城区"
          },
          {
            "value": 175,
            "label": "揭东县"
          },
          {
            "value": 176,
            "label": "揭西县"
          },
          {
            "value": 177,
            "label": "惠来县"
          },
          {
            "value": 178,
            "label": "普宁市"
          }
        ]
      },
      {
        "value": 179,
        "label": "云浮市",
        "children": [
          {
            "value": 180,
            "label": "云城区"
          },
          {
            "value": 181,
            "label": "新兴县"
          },
          {
            "value": 182,
            "label": "郁南县"
          },
          {
            "value": 183,
            "label": "云安县"
          },
          {
            "value": 184,
            "label": "罗定市"
          }
        ]
      }
    ]
  }
]