[
  {
    "id": 1,
    "key": "name",
    "name": "名字",
    "isEdit": false,
    "required": false,
    "validator": "",
    "validMsg": "",
    "visible": true,
    "width": null,
    "align": "",
    "type": null,
    "seq": 1,
    "link": "https://www.baidu.com/",
    "describe": "",
    "createTime": 1550923830095,
    "updateTime": 1550105830095
  },
  {
    "id": 2,
    "key": "age",
    "name": "年龄",
    "isEdit": true,
    "required": true,
    "validator": "",
    "validMsg": "",
    "visible": true,
    "width": "140",
    "align": "center",
    "type": null,
    "seq": 2,
    "link": "",
    "describe": "",
    "createTime": 1550923830095,
    "updateTime": 1550205830095
  },
  {
    "id": 3,
    "key": "date",
    "name": "日期",
    "isEdit": true,
    "required": false,
    "validator": "",
    "validMsg": "",
    "visible": true,
    "width": "200",
    "align": "",
    "type": null,
    "seq": 3,
    "link": "",
    "describe": "",
    "createTime": 1550923830095,
    "updateTime": 1550305830095
  },
  {
    "id": 4,
    "key": "phone",
    "name": "手机",
    "isEdit": true,
    "required": false,
    "validator": "^1[34578][0-9]{9}$",
    "validMsg": "手机格式输入错误",
    "visible": true,
    "width": null,
    "align": "",
    "type": null,
    "seq": 4,
    "link": "",
    "describe": "",
    "createTime": 1550923830095,
    "updateTime": 1550405830095
  },
  {
    "id": 5,
    "key": "role",
    "name": "角色",
    "isEdit": true,
    "required": false,
    "validator": "",
    "validMsg": "",
    "visible": false,
    "width": null,
    "align": "",
    "type": null,
    "seq": 5,
    "link": "",
    "describe": "",
    "createTime": 1550923830095,
    "updateTime": 1550505830095
  },
  {
    "id": 6,
    "key": "",
    "name": "",
    "isEdit": false,
    "required": false,
    "validator": "",
    "validMsg": "",
    "visible": false,
    "width": "80",
    "align": "",
    "type": "checkbox",
    "seq": 0,
    "link": "",
    "describe": "",
    "createTime": 1550923830095,
    "updateTime": 1550505830095
  }
]