[
  {
    "id": 100,
    "parentId": null,
    "name": "一级目录",
    "size": null,
    "type": "0",
    "createTime": 1550923830095,
    "updateTime": 1551923830095
  },
  {
    "id": 101,
    "parentId": 100,
    "name": "二级目录",
    "size": null,
    "type": "0",
    "createTime": 1550923830095,
    "updateTime": 1552923830095
  },
  {
    "id": 10100,
    "parentId": 101,
    "name": "文件10100.pdf",
    "size": 218,
    "type": "1",
    "createTime": 1550923830095,
    "updateTime": 1553924830095
  },
  {
    "id": 10101,
    "parentId": 101,
    "name": "文件10101.excel",
    "size": 512,
    "type": "1",
    "createTime": 1550923830095,
    "updateTime": 1550925830095
  },
  {
    "id": 102,
    "parentId": 100,
    "name": "文件102.word",
    "size": 101024,
    "type": "1",
    "createTime": 1550923830095,
    "updateTime": 1550963830095
  },
  {
    "id": 200,
    "parentId": null,
    "name": "我的文件",
    "size": null,
    "type": "0",
    "createTime": 1550923830095,
    "updateTime": 1550983830095
  },
  {
    "id": 201,
    "parentId": 200,
    "name": "文件201.zip",
    "size": 1024,
    "type": "1",
    "createTime": 1550923830095,
    "updateTime": 1550927830095
  },
  {
    "id": 202,
    "parentId": 200,
    "name": "文件202.text",
    "size": 4096,
    "type": "1",
    "createTime": 1550923830095,
    "updateTime": 1550926830095
  },
  {
    "id": 301,
    "parentId": null,
    "name": "文件301.zip",
    "size": 4024,
    "type": "1",
    "createTime": 1550923830095,
    "updateTime": 1550823830095
  }
]